code,csv_type,csv_category,cat_db,title,condition,csv_window,reward_rp,difficulty,agg,action_code,field,target,filters,window_type,window_label,eligibility,is_composite,target_rule_json
O-RD-01,Onboarding,Riding,RIDING,첫 라이딩 시작,1km 라이딩,신규 14일,100,Easy,sum_field,RIDE_KM,distance_km,1,,onboarding,,,,"{""agg"": ""sum_field"", ""target"": 1, ""action_code"": ""RIDE_KM"", ""field"": ""distance_km"", ""window"": {""type"": ""onboarding"", ""days"": 14}}"
O-RD-02,Onboarding,Riding,RIDING,5km의 시작,누적 5km,신규 14일,200,Easy,sum_field,RIDE_KM,distance_km,5,,onboarding,,,,"{""agg"": ""sum_field"", ""target"": 5, ""action_code"": ""RIDE_KM"", ""field"": ""distance_km"", ""window"": {""type"": ""onboarding"", ""days"": 14}}"
O-RD-03,Onboarding,Riding,RIDING,첫 퀘스트 클리어,추천 퀘스트 1개,신규 14일,300,Medium,count_event,QUEST_COMPLETE,,1,,onboarding,,,,"{""agg"": ""count_event"", ""target"": 1, ""action_code"": ""QUEST_COMPLETE"", ""window"": {""type"": ""onboarding"", ""days"": 14}}"
O-RD-04,Onboarding,Riding,RIDING,14일 30km,14일간 누적 30km,신규 14일,800,Medium,sum_field,RIDE_KM,distance_km,30,,onboarding,,,,"{""agg"": ""sum_field"", ""target"": 30, ""action_code"": ""RIDE_KM"", ""field"": ""distance_km"", ""window"": {""type"": ""onboarding"", ""days"": 14}}"
O-MT-01,Onboarding,Maint,MAINT,차량 등록하기,바이크 정보 입력,신규 14일,150,Easy,count_event,PROFILE_UPDATE,,1,,onboarding,,,,"{""agg"": ""count_event"", ""target"": 1, ""action_code"": ""PROFILE_UPDATE"", ""window"": {""type"": ""onboarding"", ""days"": 14}}"
O-MT-02,Onboarding,Maint,MAINT,첫 주유 인증,주유 영수증 1건,신규 14일,100,Easy,count_event,FUEL_RECEIPT,,1,,onboarding,,,,"{""agg"": ""count_event"", ""target"": 1, ""action_code"": ""FUEL_RECEIPT"", ""window"": {""type"": ""onboarding"", ""days"": 14}}"
O-MT-03,Onboarding,Maint,MAINT,첫 점검,일일 점검 1회,신규 14일,100,Easy,count_event,DAILY_INSPECTION,,1,,onboarding,,,,"{""agg"": ""count_event"", ""target"": 1, ""action_code"": ""DAILY_INSPECTION"", ""window"": {""type"": ""onboarding"", ""days"": 14}}"
O-MK-01,Onboarding,Market,MARKET,마켓 둘러보기,부품 5개 조회,신규 14일,50,Easy,count_event,MARKET_BROWSE,,5,,onboarding,,,,"{""agg"": ""count_event"", ""target"": 5, ""action_code"": ""MARKET_BROWSE"", ""window"": {""type"": ""onboarding"", ""days"": 14}}"
O-MK-02,Onboarding,Market,MARKET,첫 채팅,판매자 문의 1건,신규 14일,100,Easy,count_event,MARKET_INQUIRY,,1,,onboarding,,,,"{""agg"": ""count_event"", ""target"": 1, ""action_code"": ""MARKET_INQUIRY"", ""window"": {""type"": ""onboarding"", ""days"": 14}}"
O-CM-01,Onboarding,Community,COMMUNITY,첫 피드 게시,게시물 1건,신규 14일,150,Easy,count_event,POST_CREATE,,1,,onboarding,,,,"{""agg"": ""count_event"", ""target"": 1, ""action_code"": ""POST_CREATE"", ""window"": {""type"": ""onboarding"", ""days"": 14}}"
O-CM-02,Onboarding,Community,COMMUNITY,첫 좋아요,좋아요 3개,신규 14일,50,Easy,count_event,LIKE_RECEIVED,,3,,onboarding,,,,"{""agg"": ""count_event"", ""target"": 3, ""action_code"": ""LIKE_RECEIVED"", ""window"": {""type"": ""onboarding"", ""days"": 14}}"
O-CM-03,Onboarding,Community,COMMUNITY,친구 1명 초대,초대 가입 1명,신규 14일,250,Medium,count_event,REFERRAL,,1,,onboarding,,,,"{""agg"": ""count_event"", ""target"": 1, ""action_code"": ""REFERRAL"", ""window"": {""type"": ""onboarding"", ""days"": 14}}"
O-DL-01,Onboarding,Delivery,DELIVERY,직업 선택 (선택),드라이버 인증 시도,신규 14일,100,Easy,count_event,DRIVER_VERIFY,,1,,onboarding,,,,"{""agg"": ""count_event"", ""target"": 1, ""action_code"": ""DRIVER_VERIFY"", ""window"": {""type"": ""onboarding"", ""days"": 14}}"
O-MX-01,Onboarding,Mixed,MIXED,프로필 100% 완성,사진/닉네임/지역,신규 14일,100,Easy,count_event,PROFILE_UPDATE,,1,,onboarding,,,,"{""agg"": ""count_event"", ""target"": 1, ""action_code"": ""PROFILE_UPDATE"", ""window"": {""type"": ""onboarding"", ""days"": 14}}"
O-MX-02,Onboarding,Mixed,MIXED,14일 환영 클리어,신규 미션 8개+,신규 14일,1500,Hard,count_mission_complete,,,8,,onboarding,,,,"{""agg"": ""count_mission_complete"", ""target"": 8, ""window"": {""type"": ""onboarding"", ""days"": 14}}"
D-RD-01,Daily,Riding,RIDING,짧은 한 바퀴,누적 3km,-,30,Easy,sum_field,RIDE_KM,distance_km,3,,calendar_day,,,,"{""agg"": ""sum_field"", ""target"": 3, ""action_code"": ""RIDE_KM"", ""field"": ""distance_km"", ""window"": {""type"": ""calendar_day""}}"
D-RD-02,Daily,Riding,RIDING,출퇴근 라이더,누적 8km,-,60,Easy,sum_field,RIDE_KM,distance_km,8,,calendar_day,,,,"{""agg"": ""sum_field"", ""target"": 8, ""action_code"": ""RIDE_KM"", ""field"": ""distance_km"", ""window"": {""type"": ""calendar_day""}}"
D-RD-03,Daily,Riding,RIDING,도시 탐험가,District 2곳,-,80,Medium,count_distinct_district,RIDE_KM,,2,"{""geo"": {""type"": ""district_count"", ""target"": 2}}",calendar_day,,,,"{""agg"": ""count_distinct_district"", ""target"": 2, ""action_code"": ""RIDE_KM"", ""filters"": {""geo"": {""type"": ""district_count"", ""target"": 2}}, ""window"": {""type"": ""calendar_day""}}"
D-RD-04,Daily,Riding,RIDING,새벽 라이더,05-07시,-,100,Medium,count_event,RIDE_KM,,1,"{""time_of_day"": {""from"": ""05:00"", ""to"": ""07:00""}}",calendar_day,,,,"{""agg"": ""count_event"", ""target"": 1, ""action_code"": ""RIDE_KM"", ""filters"": {""time_of_day"": {""from"": ""05:00"", ""to"": ""07:00""}}, ""window"": {""type"": ""calendar_day""}}"
D-RD-05,Daily,Riding,RIDING,야간 라이더,19-22시,-,80,Easy,count_event,RIDE_KM,,1,"{""time_of_day"": {""from"": ""19:00"", ""to"": ""22:00""}}",calendar_day,,,,"{""agg"": ""count_event"", ""target"": 1, ""action_code"": ""RIDE_KM"", ""filters"": {""time_of_day"": {""from"": ""19:00"", ""to"": ""22:00""}}, ""window"": {""type"": ""calendar_day""}}"
D-RD-06,Daily,Riding,RIDING,비 오는 날 라이더,강수 5km+,-,150,Hard,sum_field,RIDE_KM,distance_km,5,"{""weather"": ""RAIN""}",calendar_day,,,,"{""agg"": ""sum_field"", ""target"": 5, ""action_code"": ""RIDE_KM"", ""field"": ""distance_km"", ""filters"": {""weather"": ""RAIN""}, ""window"": {""type"": ""calendar_day""}}"
D-RD-07,Daily,Riding,RIDING,사이공 다리 건너기,Saigon Bridge,-,120,Medium,count_event,RIDE_KM,,1,"{""geo"": {""type"": ""poi"", ""values"": [""Saigon Bridge""]}}",calendar_day,,,,"{""agg"": ""count_event"", ""target"": 1, ""action_code"": ""RIDE_KM"", ""filters"": {""geo"": {""type"": ""poi"", ""values"": [""Saigon Bridge""]}}, ""window"": {""type"": ""calendar_day""}}"
D-RD-08,Daily,Riding,RIDING,1번 도로 챔피언,NH1A 5km,-,100,Medium,sum_field,RIDE_KM,distance_km,5,"{""geo"": {""type"": ""road"", ""values"": [""NH1A""]}}",calendar_day,,,,"{""agg"": ""sum_field"", ""target"": 5, ""action_code"": ""RIDE_KM"", ""field"": ""distance_km"", ""filters"": {""geo"": {""type"": ""road"", ""values"": [""NH1A""]}}, ""window"": {""type"": ""calendar_day""}}"
D-RD-09,Daily,Riding,RIDING,강변 산책,강변 도로 3km,-,70,Easy,sum_field,RIDE_KM,distance_km,3,"{""geo"": {""type"": ""road_type"", ""values"": [""riverside""]}}",calendar_day,,,,"{""agg"": ""sum_field"", ""target"": 3, ""action_code"": ""RIDE_KM"", ""field"": ""distance_km"", ""filters"": {""geo"": {""type"": ""road_type"", ""values"": [""riverside""]}}, ""window"": {""type"": ""calendar_day""}}"
D-RD-10,Daily,Riding,RIDING,정속 라이더,평속 25-40 5km,-,90,Medium,sum_field,RIDE_KM,distance_km,5,"{""speed_kmh"": {""min"": 25, ""max"": 40}}",calendar_day,,,,"{""agg"": ""sum_field"", ""target"": 5, ""action_code"": ""RIDE_KM"", ""field"": ""distance_km"", ""filters"": {""speed_kmh"": {""min"": 25, ""max"": 40}}, ""window"": {""type"": ""calendar_day""}}"
D-RD-11,Daily,Riding,RIDING,오늘의 1km,오늘 1km,-,20,Easy,sum_field,RIDE_KM,distance_km,1,,calendar_day,,,,"{""agg"": ""sum_field"", ""target"": 1, ""action_code"": ""RIDE_KM"", ""field"": ""distance_km"", ""window"": {""type"": ""calendar_day""}}"
D-RD-12,Daily,Riding,RIDING,두 번 라이딩,하루 2회 분리,-,80,Medium,count_event,RIDE_KM,,2,,calendar_day,,,,"{""agg"": ""count_event"", ""target"": 2, ""action_code"": ""RIDE_KM"", ""window"": {""type"": ""calendar_day""}}"
D-RD-13,Daily,Riding,RIDING,District 1 마스터,District 1 통과,-,80,Easy,count_event,RIDE_KM,,1,"{""geo"": {""type"": ""district"", ""values"": [""District 1""]}}",calendar_day,,,,"{""agg"": ""count_event"", ""target"": 1, ""action_code"": ""RIDE_KM"", ""filters"": {""geo"": {""type"": ""district"", ""values"": [""District 1""]}}, ""window"": {""type"": ""calendar_day""}}"
D-RD-14,Daily,Riding,RIDING,District 7 탐험,District 7 통과,-,90,Medium,count_event,RIDE_KM,,1,"{""geo"": {""type"": ""district"", ""values"": [""District 7""]}}",calendar_day,,,,"{""agg"": ""count_event"", ""target"": 1, ""action_code"": ""RIDE_KM"", ""filters"": {""geo"": {""type"": ""district"", ""values"": [""District 7""]}}, ""window"": {""type"": ""calendar_day""}}"
D-RD-15,Daily,Riding,RIDING,Thu Duc 횡단,Thu Duc City 진입,-,130,Medium,count_event,RIDE_KM,,1,"{""geo"": {""type"": ""city"", ""values"": [""Thu Duc""]}}",calendar_day,,,,"{""agg"": ""count_event"", ""target"": 1, ""action_code"": ""RIDE_KM"", ""filters"": {""geo"": {""type"": ""city"", ""values"": [""Thu Duc""]}}, ""window"": {""type"": ""calendar_day""}}"
D-RD-16,Daily,Riding,RIDING,Phu My Hung 라이딩,PMH 진입,-,100,Easy,count_event,RIDE_KM,,1,"{""geo"": {""type"": ""area"", ""values"": [""Phu My Hung""]}}",calendar_day,,,,"{""agg"": ""count_event"", ""target"": 1, ""action_code"": ""RIDE_KM"", ""filters"": {""geo"": {""type"": ""area"", ""values"": [""Phu My Hung""]}}, ""window"": {""type"": ""calendar_day""}}"
D-RD-17,Daily,Riding,RIDING,점심시간 라이딩,11-13시 5km,-,70,Easy,sum_field,RIDE_KM,distance_km,5,"{""time_of_day"": {""from"": ""11:00"", ""to"": ""13:00""}}",calendar_day,,,,"{""agg"": ""sum_field"", ""target"": 5, ""action_code"": ""RIDE_KM"", ""field"": ""distance_km"", ""filters"": {""time_of_day"": {""from"": ""11:00"", ""to"": ""13:00""}}, ""window"": {""type"": ""calendar_day""}}"
D-RD-18,Daily,Riding,RIDING,쇼트 어택,15분 안에 5km,-,100,Medium,sum_field,RIDE_KM,distance_km,5,"{""max_duration_min"": 15}",calendar_day,,,,"{""agg"": ""sum_field"", ""target"": 5, ""action_code"": ""RIDE_KM"", ""field"": ""distance_km"", ""filters"": {""max_duration_min"": 15}, ""window"": {""type"": ""calendar_day""}}"
D-RD-19,Daily,Riding,RIDING,롱 슬로우,30분+ 라이딩,-,80,Easy,composite,,,,,calendar_day,,,Y,"{""agg"": ""composite"", ""operator"": ""AND"", ""children"": [{""agg"": ""count_event"", ""target"": 1, ""filters"": {""min_duration_min"": 30}}, {""agg"": ""count_event"", ""target"": 1, ""action_code"": ""RIDE_KM""}], ""window"": {""type"": ""calendar_day""}}"
D-RD-20,Daily,Riding,RIDING,통근 왕복,출/퇴근 분리,-,120,Medium,count_event,RIDE_KM,,2,,calendar_day,,,,"{""agg"": ""count_event"", ""target"": 2, ""action_code"": ""RIDE_KM"", ""window"": {""type"": ""calendar_day""}}"
D-RD-21,Daily,Riding,RIDING,카페 투어,카페 2곳 정차,-,100,Easy,count_distinct,RIDE_KM,location,2,"{""geo"": {""type"": ""poi_category"", ""values"": [""cafe""]}}",calendar_day,,,,"{""agg"": ""count_distinct"", ""target"": 2, ""action_code"": ""RIDE_KM"", ""field"": ""location"", ""filters"": {""geo"": {""type"": ""poi_category"", ""values"": [""cafe""]}}, ""window"": {""type"": ""calendar_day""}}"
D-RD-22,Daily,Riding,RIDING,시장 라이딩,재래시장 1곳,-,80,Easy,count_distinct,RIDE_KM,location,1,"{""geo"": {""type"": ""poi_category"", ""values"": [""traditional_market""]}}",calendar_day,,,,"{""agg"": ""count_distinct"", ""target"": 1, ""action_code"": ""RIDE_KM"", ""field"": ""location"", ""filters"": {""geo"": {""type"": ""poi_category"", ""values"": [""traditional_market""]}}, ""window"": {""type"": ""calendar_day""}}"
D-RD-23,Daily,Riding,RIDING,야시장 코스,야시장 1곳,-,100,Medium,count_distinct,RIDE_KM,location,1,"{""geo"": {""type"": ""poi_category"", ""values"": [""night_market""]}}",calendar_day,,,,"{""agg"": ""count_distinct"", ""target"": 1, ""action_code"": ""RIDE_KM"", ""field"": ""location"", ""filters"": {""geo"": {""type"": ""poi_category"", ""values"": [""night_market""]}}, ""window"": {""type"": ""calendar_day""}}"
D-RD-24,Daily,Riding,RIDING,새 골목 발견,미통과 도로 1km,-,110,Medium,sum_field,RIDE_KM,distance_km,1,"{""geo"": {""type"": ""novel_road""}}",calendar_day,,,,"{""agg"": ""sum_field"", ""target"": 1, ""action_code"": ""RIDE_KM"", ""field"": ""distance_km"", ""filters"": {""geo"": {""type"": ""novel_road""}}, ""window"": {""type"": ""calendar_day""}}"
D-MT-01,Daily,Maint,MAINT,오늘의 주유,영수증 1건,-,50,Easy,count_event,MAINTENANCE_RECEIPT,,1,,calendar_day,,,,"{""agg"": ""count_event"", ""target"": 1, ""action_code"": ""MAINTENANCE_RECEIPT"", ""window"": {""type"": ""calendar_day""}}"
D-MT-02,Daily,Maint,MAINT,타이어 점검,체크리스트,-,80,Easy,count_event,DAILY_INSPECTION,,1,,calendar_day,,,,"{""agg"": ""count_event"", ""target"": 1, ""action_code"": ""DAILY_INSPECTION"", ""window"": {""type"": ""calendar_day""}}"
D-MT-03,Daily,Maint,MAINT,거울/등화 점검,등화 체크리스트,-,60,Easy,count_event,DAILY_INSPECTION,,1,,calendar_day,,,,"{""agg"": ""count_event"", ""target"": 1, ""action_code"": ""DAILY_INSPECTION"", ""window"": {""type"": ""calendar_day""}}"
D-MT-04,Daily,Maint,MAINT,출발 전 점검,5종 점검,-,120,Medium,count_event,DAILY_INSPECTION,,5,,calendar_day,,,,"{""agg"": ""count_event"", ""target"": 5, ""action_code"": ""DAILY_INSPECTION"", ""window"": {""type"": ""calendar_day""}}"
D-MT-05,Daily,Maint,MAINT,세차 인증,세차 사진,-,80,Easy,count_event,PHOTO_UPLOAD,,1,,calendar_day,,,,"{""agg"": ""count_event"", ""target"": 1, ""action_code"": ""PHOTO_UPLOAD"", ""window"": {""type"": ""calendar_day""}}"
D-MT-06,Daily,Maint,MAINT,주행거리 기록,오도미터 사진,-,50,Easy,count_event,PHOTO_UPLOAD,,1,,calendar_day,,,,"{""agg"": ""count_event"", ""target"": 1, ""action_code"": ""PHOTO_UPLOAD"", ""window"": {""type"": ""calendar_day""}}"
D-MT-07,Daily,Maint,MAINT,체인 점검,체인 사진,-,70,Easy,count_event,PHOTO_UPLOAD,,1,,calendar_day,,,,"{""agg"": ""count_event"", ""target"": 1, ""action_code"": ""PHOTO_UPLOAD"", ""window"": {""type"": ""calendar_day""}}"
D-MT-08,Daily,Maint,MAINT,브레이크 점검,브레이크 체크,-,80,Medium,count_event,DAILY_INSPECTION,,1,,calendar_day,,,,"{""agg"": ""count_event"", ""target"": 1, ""action_code"": ""DAILY_INSPECTION"", ""window"": {""type"": ""calendar_day""}}"
D-MT-09,Daily,Maint,MAINT,헬멧 사진 인증,헬멧 착용 사진,-,50,Easy,count_event,PHOTO_UPLOAD,,1,,calendar_day,,,,"{""agg"": ""count_event"", ""target"": 1, ""action_code"": ""PHOTO_UPLOAD"", ""window"": {""type"": ""calendar_day""}}"
D-MT-10,Daily,Maint,MAINT,워셔액 보충,보충 사진,-,60,Easy,count_event,PHOTO_UPLOAD,,1,,calendar_day,,,,"{""agg"": ""count_event"", ""target"": 1, ""action_code"": ""PHOTO_UPLOAD"", ""window"": {""type"": ""calendar_day""}}"
D-MT-11,Daily,Maint,MAINT,엔진오일 게이지,게이지 사진,-,80,Easy,count_event,PHOTO_UPLOAD,,1,,calendar_day,,,,"{""agg"": ""count_event"", ""target"": 1, ""action_code"": ""PHOTO_UPLOAD"", ""window"": {""type"": ""calendar_day""}}"
D-MT-12,Daily,Maint,MAINT,풀 점검 데이,8종 모두,-,200,Hard,count_distinct,DAILY_INSPECTION,inspection_type,8,,calendar_day,,,,"{""agg"": ""count_distinct"", ""target"": 8, ""action_code"": ""DAILY_INSPECTION"", ""field"": ""inspection_type"", ""window"": {""type"": ""calendar_day""}}"
D-MK-01,Daily,Market,MARKET,마켓 윈도쇼핑,부품 10개 조회,-,30,Easy,count_event,MARKET_BROWSE,,10,,calendar_day,,,,"{""agg"": ""count_event"", ""target"": 10, ""action_code"": ""MARKET_BROWSE"", ""window"": {""type"": ""calendar_day""}}"
D-MK-02,Daily,Market,MARKET,관심 부품 찜,즐겨찾기 3건,-,40,Easy,count_event,MARKET_FAVORITE,,3,,calendar_day,,,,"{""agg"": ""count_event"", ""target"": 3, ""action_code"": ""MARKET_FAVORITE"", ""window"": {""type"": ""calendar_day""}}"
D-MK-03,Daily,Market,MARKET,가격 비교,같은 부품 3건,-,50,Medium,count_event,MARKET_LISTING,,3,,calendar_day,,,,"{""agg"": ""count_event"", ""target"": 3, ""action_code"": ""MARKET_LISTING"", ""window"": {""type"": ""calendar_day""}}"
D-MK-04,Daily,Market,MARKET,첫 채팅 시도,문의 1건,-,60,Medium,count_event,MARKET_INQUIRY,,1,,calendar_day,,,,"{""agg"": ""count_event"", ""target"": 1, ""action_code"": ""MARKET_INQUIRY"", ""window"": {""type"": ""calendar_day""}}"
D-MK-05,Daily,Market,MARKET,부품 1건 등록,등록 1건,-,100,Medium,count_event,MARKET_LISTING,,1,,calendar_day,,,,"{""agg"": ""count_event"", ""target"": 1, ""action_code"": ""MARKET_LISTING"", ""window"": {""type"": ""calendar_day""}}"
D-MK-06,Daily,Market,MARKET,사진 잘 찍기,등록 사진 4장+,-,80,Easy,count_event,PHOTO_UPLOAD,,4,,calendar_day,,,,"{""agg"": ""count_event"", ""target"": 4, ""action_code"": ""PHOTO_UPLOAD"", ""window"": {""type"": ""calendar_day""}}"
D-MK-07,Daily,Market,MARKET,시세 살펴보기,카테고리 3개,-,40,Easy,count_distinct_category,,,3,,calendar_day,,,,"{""agg"": ""count_distinct_category"", ""target"": 3, ""window"": {""type"": ""calendar_day""}}"
D-MK-08,Daily,Market,MARKET,거래 응답왕,채팅 5건,-,90,Medium,count_event,MARKET_CHAT,,5,,calendar_day,,,,"{""agg"": ""count_event"", ""target"": 5, ""action_code"": ""MARKET_CHAT"", ""window"": {""type"": ""calendar_day""}}"
D-CM-01,Daily,Community,COMMUNITY,오늘 한 줄 후기,코멘트 1건,-,50,Easy,count_event,COMMENT_POST,,1,,calendar_day,,,,"{""agg"": ""count_event"", ""target"": 1, ""action_code"": ""COMMENT_POST"", ""window"": {""type"": ""calendar_day""}}"
D-CM-02,Daily,Community,COMMUNITY,응원하기,좋아요 5개,-,30,Easy,count_event,LIKE_RECEIVED,,5,,calendar_day,,,,"{""agg"": ""count_event"", ""target"": 5, ""action_code"": ""LIKE_RECEIVED"", ""window"": {""type"": ""calendar_day""}}"
D-CM-03,Daily,Community,COMMUNITY,댓글로 인사,댓글 3개,-,50,Easy,count_event,COMMENT_POST,,3,,calendar_day,,,,"{""agg"": ""count_event"", ""target"": 3, ""action_code"": ""COMMENT_POST"", ""window"": {""type"": ""calendar_day""}}"
D-CM-04,Daily,Community,COMMUNITY,사진 한 컷,라이딩 사진 1장,-,80,Medium,count_event,PHOTO_UPLOAD,,1,,calendar_day,,,,"{""agg"": ""count_event"", ""target"": 1, ""action_code"": ""PHOTO_UPLOAD"", ""window"": {""type"": ""calendar_day""}}"
D-CM-05,Daily,Community,COMMUNITY,Zalo 공유,외부 공유 1건,-,30,Easy,count_event,SHARE_SNS,,1,,calendar_day,,,,"{""agg"": ""count_event"", ""target"": 1, ""action_code"": ""SHARE_SNS"", ""window"": {""type"": ""calendar_day""}}"
D-CM-06,Daily,Community,COMMUNITY,셀카 라이더,헬멧 셀카,-,70,Easy,count_event,PHOTO_UPLOAD,,1,,calendar_day,,,,"{""agg"": ""count_event"", ""target"": 1, ""action_code"": ""PHOTO_UPLOAD"", ""window"": {""type"": ""calendar_day""}}"
D-CM-07,Daily,Community,COMMUNITY,TikTok 1건,TikTok 1건,-,60,Medium,count_event,REVIEW_PHOTO,,1,,calendar_day,,,,"{""agg"": ""count_event"", ""target"": 1, ""action_code"": ""REVIEW_PHOTO"", ""window"": {""type"": ""calendar_day""}}"
D-CM-08,Daily,Community,COMMUNITY,풍경 사진,풍경 2장,-,80,Easy,count_event,PHOTO_UPLOAD,,2,,calendar_day,,,,"{""agg"": ""count_event"", ""target"": 2, ""action_code"": ""PHOTO_UPLOAD"", ""window"": {""type"": ""calendar_day""}}"
D-CM-09,Daily,Community,COMMUNITY,친구 응원,친구 게시물 댓글 3,-,50,Easy,count_event,COMMENT_POST,,3,,calendar_day,,,,"{""agg"": ""count_event"", ""target"": 3, ""action_code"": ""COMMENT_POST"", ""window"": {""type"": ""calendar_day""}}"
D-CM-10,Daily,Community,COMMUNITY,매너 라이더,베스트 댓글 1건,-,60,Easy,count_event,COMMENT_POST,,1,,calendar_day,,,,"{""agg"": ""count_event"", ""target"": 1, ""action_code"": ""COMMENT_POST"", ""window"": {""type"": ""calendar_day""}}"
D-DL-01,Daily,Delivery,DELIVERY,오늘의 첫 배차,영수증 1건,드라이버,30,Easy,count_event,DELIVERY_RECEIPT,,1,,calendar_day,,"{""account_type"": [""DRIVER""]}",,"{""agg"": ""count_event"", ""target"": 1, ""action_code"": ""DELIVERY_RECEIPT"", ""window"": {""type"": ""calendar_day""}, ""eligibility"": {""account_type"": [""DRIVER""]}}"
D-DL-02,Daily,Delivery,DELIVERY,10건 달성,영수증 10건,드라이버,150,Medium,count_event,DELIVERY_RECEIPT,,10,,calendar_day,,"{""account_type"": [""DRIVER""]}",,"{""agg"": ""count_event"", ""target"": 10, ""action_code"": ""DELIVERY_RECEIPT"", ""window"": {""type"": ""calendar_day""}, ""eligibility"": {""account_type"": [""DRIVER""]}}"
D-DL-03,Daily,Delivery,DELIVERY,30건 달성,영수증 30건,드라이버,400,Hard,count_event,DELIVERY_RECEIPT,,30,,calendar_day,,"{""account_type"": [""DRIVER""]}",,"{""agg"": ""count_event"", ""target"": 30, ""action_code"": ""DELIVERY_RECEIPT"", ""window"": {""type"": ""calendar_day""}, ""eligibility"": {""account_type"": [""DRIVER""]}}"
D-DL-04,Daily,Delivery,DELIVERY,50건 달성,영수증 50건,드라이버,700,Hard,count_event,DELIVERY_RECEIPT,,50,,calendar_day,,"{""account_type"": [""DRIVER""]}",,"{""agg"": ""count_event"", ""target"": 50, ""action_code"": ""DELIVERY_RECEIPT"", ""window"": {""type"": ""calendar_day""}, ""eligibility"": {""account_type"": [""DRIVER""]}}"
D-DL-05,Daily,Delivery,DELIVERY,야간 10건,19시 후 10건,드라이버,200,Medium,count_event,DELIVERY_RECEIPT,,10,"{""time_of_day"": {""from"": ""19:00"", ""to"": ""23:59""}}",calendar_day,,"{""account_type"": [""DRIVER""]}",,"{""agg"": ""count_event"", ""target"": 10, ""action_code"": ""DELIVERY_RECEIPT"", ""filters"": {""time_of_day"": {""from"": ""19:00"", ""to"": ""23:59""}}, ""window"": {""type"": ""calendar_day""}, ""eligibility"": {""account_type"": [""DRIVER""]}}"
D-DL-06,Daily,Delivery,DELIVERY,우중 5건,강수 중 5건,드라이버,250,Hard,count_event,DELIVERY_RECEIPT,,5,"{""weather"": ""RAIN""}",calendar_day,,"{""account_type"": [""DRIVER""]}",,"{""agg"": ""count_event"", ""target"": 5, ""action_code"": ""DELIVERY_RECEIPT"", ""filters"": {""weather"": ""RAIN""}, ""window"": {""type"": ""calendar_day""}, ""eligibility"": {""account_type"": [""DRIVER""]}}"
W-RD-01,Weekly,Riding,RIDING,주 50km,누적 50km,-,400,Easy,sum_field,RIDE_KM,distance_km,50,,calendar_week,,,,"{""agg"": ""sum_field"", ""target"": 50, ""action_code"": ""RIDE_KM"", ""field"": ""distance_km"", ""window"": {""type"": ""calendar_week""}}"
W-RD-02,Weekly,Riding,RIDING,주 100km,누적 100km,-,900,Medium,sum_field,RIDE_KM,distance_km,100,,calendar_week,,,,"{""agg"": ""sum_field"", ""target"": 100, ""action_code"": ""RIDE_KM"", ""field"": ""distance_km"", ""window"": {""type"": ""calendar_week""}}"
W-RD-03,Weekly,Riding,RIDING,주 5일 라이딩,5일+,-,600,Medium,count_distinct,RIDE_KM,ride_date,5,,calendar_week,,,,"{""agg"": ""count_distinct"", ""target"": 5, ""action_code"": ""RIDE_KM"", ""field"": ""ride_date"", ""window"": {""type"": ""calendar_week""}}"
W-RD-04,Weekly,Riding,RIDING,매일 라이딩,7일 연속,-,1200,Hard,streak_days,RIDE_KM,ride_date,7,,calendar_week,,,,"{""agg"": ""streak_days"", ""target"": 7, ""action_code"": ""RIDE_KM"", ""field"": ""ride_date"", ""window"": {""type"": ""calendar_week""}}"
W-RD-05,Weekly,Riding,RIDING,새벽 3회,05-07시 3회,-,500,Medium,count_event,RIDE_KM,,3,"{""time_of_day"": {""from"": ""05:00"", ""to"": ""07:00""}}",calendar_week,,,,"{""agg"": ""count_event"", ""target"": 3, ""action_code"": ""RIDE_KM"", ""filters"": {""time_of_day"": {""from"": ""05:00"", ""to"": ""07:00""}}, ""window"": {""type"": ""calendar_week""}}"
W-RD-06,Weekly,Riding,RIDING,다구역 정복,5개 District,-,700,Medium,count_distinct_district,RIDE_KM,,5,"{""geo"": {""type"": ""district_count"", ""target"": 5}}",calendar_week,,,,"{""agg"": ""count_distinct_district"", ""target"": 5, ""action_code"": ""RIDE_KM"", ""filters"": {""geo"": {""type"": ""district_count"", ""target"": 5}}, ""window"": {""type"": ""calendar_week""}}"
W-RD-07,Weekly,Riding,RIDING,퀘스트 5개,퀘스트 5개,-,600,Medium,count_event,QUEST_COMPLETE,,5,,calendar_week,,,,"{""agg"": ""count_event"", ""target"": 5, ""action_code"": ""QUEST_COMPLETE"", ""window"": {""type"": ""calendar_week""}}"
W-RD-08,Weekly,Riding,RIDING,그룹 라이딩 1회,3인+ 1회,-,500,Medium,composite,,,,,calendar_week,,,Y,"{""agg"": ""composite"", ""operator"": ""AND"", ""children"": [{""agg"": ""count_event"", ""target"": 1}, {""agg"": ""count_event"", ""target"": 1, ""action_code"": ""RIDE_KM""}], ""window"": {""type"": ""calendar_week""}}"
W-RD-09,Weekly,Riding,RIDING,새 코스 개척,신규 경로 3개,-,400,Medium,count_distinct,RIDE_KM,route_id,3,"{""geo"": {""type"": ""novel_route""}}",calendar_week,,,,"{""agg"": ""count_distinct"", ""target"": 3, ""action_code"": ""RIDE_KM"", ""field"": ""route_id"", ""filters"": {""geo"": {""type"": ""novel_route""}}, ""window"": {""type"": ""calendar_week""}}"
W-RD-10,Weekly,Riding,RIDING,안전 라이더,과속 0+50km,-,800,Hard,composite,,,,,calendar_week,,,Y,"{""agg"": ""composite"", ""operator"": ""AND"", ""children"": [{""agg"": ""count_event"", ""target"": 1}, {""agg"": ""sum_field"", ""target"": 50, ""action_code"": ""RIDE_KM"", ""field"": ""distance_km""}], ""window"": {""type"": ""calendar_week""}}"
W-RD-11,Weekly,Riding,RIDING,강 건너기 마스터,Saigon Bridge 3회,-,350,Easy,count_event,RIDE_KM,,3,"{""geo"": {""type"": ""poi"", ""values"": [""Saigon Bridge""]}}",calendar_week,,,,"{""agg"": ""count_event"", ""target"": 3, ""action_code"": ""RIDE_KM"", ""filters"": {""geo"": {""type"": ""poi"", ""values"": [""Saigon Bridge""]}}, ""window"": {""type"": ""calendar_week""}}"
W-RD-12,Weekly,Riding,RIDING,야간 100km,19시 후 100km,-,800,Hard,sum_field,RIDE_KM,distance_km,100,"{""time_of_day"": {""from"": ""19:00"", ""to"": ""23:59""}}",calendar_week,,,,"{""agg"": ""sum_field"", ""target"": 100, ""action_code"": ""RIDE_KM"", ""field"": ""distance_km"", ""filters"": {""time_of_day"": {""from"": ""19:00"", ""to"": ""23:59""}}, ""window"": {""type"": ""calendar_week""}}"
W-RD-13,Weekly,Riding,RIDING,주 200km,누적 200km,-,2000,Hard,sum_field,RIDE_KM,distance_km,200,,calendar_week,,,,"{""agg"": ""sum_field"", ""target"": 200, ""action_code"": ""RIDE_KM"", ""field"": ""distance_km"", ""window"": {""type"": ""calendar_week""}}"
W-RD-14,Weekly,Riding,RIDING,District 8곳,8개 District,-,1200,Hard,count_distinct_district,RIDE_KM,,8,"{""geo"": {""type"": ""district_count"", ""target"": 8}}",calendar_week,,,,"{""agg"": ""count_distinct_district"", ""target"": 8, ""action_code"": ""RIDE_KM"", ""filters"": {""geo"": {""type"": ""district_count"", ""target"": 8}}, ""window"": {""type"": ""calendar_week""}}"
W-RD-15,Weekly,Riding,RIDING,주 10시간,누적 10시간,-,700,Medium,sum_field,RIDE_KM,duration_minutes,600,,calendar_week,,,,"{""agg"": ""sum_field"", ""target"": 600, ""action_code"": ""RIDE_KM"", ""field"": ""duration_minutes"", ""window"": {""type"": ""calendar_week""}}"
W-RD-16,Weekly,Riding,RIDING,통근 풀패스,평일 5일 통근,-,900,Medium,count_distinct,RIDE_KM,ride_date,5,,calendar_week,,,,"{""agg"": ""count_distinct"", ""target"": 5, ""action_code"": ""RIDE_KM"", ""field"": ""ride_date"", ""window"": {""type"": ""calendar_week""}}"
W-RD-17,Weekly,Riding,RIDING,주말 장거리,토/일 30km+,-,800,Medium,sum_field,RIDE_KM,distance_km,30,,calendar_week,,,,"{""agg"": ""sum_field"", ""target"": 30, ""action_code"": ""RIDE_KM"", ""field"": ""distance_km"", ""window"": {""type"": ""calendar_week""}}"
W-RD-18,Weekly,Riding,RIDING,야간 5일,19시 후 5일,-,700,Medium,count_event,RIDE_KM,,1,"{""time_of_day"": {""from"": ""19:00"", ""to"": ""23:59""}}",calendar_week,,,,"{""agg"": ""count_event"", ""target"": 1, ""action_code"": ""RIDE_KM"", ""filters"": {""time_of_day"": {""from"": ""19:00"", ""to"": ""23:59""}}, ""window"": {""type"": ""calendar_week""}}"
W-RD-19,Weekly,Riding,RIDING,새벽 5일,05-07시 5일,-,800,Hard,count_event,RIDE_KM,,1,"{""time_of_day"": {""from"": ""05:00"", ""to"": ""07:00""}}",calendar_week,,,,"{""agg"": ""count_event"", ""target"": 1, ""action_code"": ""RIDE_KM"", ""filters"": {""time_of_day"": {""from"": ""05:00"", ""to"": ""07:00""}}, ""window"": {""type"": ""calendar_week""}}"
W-RD-20,Weekly,Riding,RIDING,그룹 3회,그룹 3회,-,1200,Hard,count_event,RIDE_KM,,3,,calendar_week,,,,"{""agg"": ""count_event"", ""target"": 3, ""action_code"": ""RIDE_KM"", ""window"": {""type"": ""calendar_week""}}"
W-RD-21,Weekly,Riding,RIDING,카페 투어 5곳,카페 5곳,-,500,Medium,count_distinct,RIDE_KM,location,5,"{""geo"": {""type"": ""poi_category"", ""values"": [""cafe""]}}",calendar_week,,,,"{""agg"": ""count_distinct"", ""target"": 5, ""action_code"": ""RIDE_KM"", ""field"": ""location"", ""filters"": {""geo"": {""type"": ""poi_category"", ""values"": [""cafe""]}}, ""window"": {""type"": ""calendar_week""}}"
W-RD-22,Weekly,Riding,RIDING,정속 마스터,정속 누적 30km,-,600,Medium,sum_field,RIDE_KM,distance_km,30,,calendar_week,,,,"{""agg"": ""sum_field"", ""target"": 30, ""action_code"": ""RIDE_KM"", ""field"": ""distance_km"", ""window"": {""type"": ""calendar_week""}}"
W-RD-23,Weekly,Riding,RIDING,다리 4개 정복,다리 4개,-,700,Medium,count_distinct,RIDE_KM,location,4,,calendar_week,,,,"{""agg"": ""count_distinct"", ""target"": 4, ""action_code"": ""RIDE_KM"", ""field"": ""location"", ""window"": {""type"": ""calendar_week""}}"
W-RD-24,Weekly,Riding,RIDING,District 도장깨기,동일 District 3회,-,600,Medium,count_event,RIDE_KM,,3,,calendar_week,,,,"{""agg"": ""count_event"", ""target"": 3, ""action_code"": ""RIDE_KM"", ""window"": {""type"": ""calendar_week""}}"
W-MT-01,Weekly,Maint,MAINT,주유 5회,영수증 5건,-,300,Easy,count_event,MAINTENANCE_RECEIPT,,5,,calendar_week,,,,"{""agg"": ""count_event"", ""target"": 5, ""action_code"": ""MAINTENANCE_RECEIPT"", ""window"": {""type"": ""calendar_week""}}"
W-MT-02,Weekly,Maint,MAINT,점검 챔피언,일일 점검 5일,-,400,Medium,count_event,DAILY_INSPECTION,,5,,calendar_week,,,,"{""agg"": ""count_event"", ""target"": 5, ""action_code"": ""DAILY_INSPECTION"", ""window"": {""type"": ""calendar_week""}}"
W-MT-03,Weekly,Maint,MAINT,정비소 방문,정비 영수증 1건,-,300,Medium,count_event,MAINTENANCE_RECEIPT,,1,"{""weather"": ""RAIN""}",calendar_week,,,,"{""agg"": ""count_event"", ""target"": 1, ""action_code"": ""MAINTENANCE_RECEIPT"", ""filters"": {""weather"": ""RAIN""}, ""window"": {""type"": ""calendar_week""}}"
W-MT-04,Weekly,Maint,MAINT,연비 측정,주유 2건+거리,-,250,Medium,composite,,,,,calendar_week,,,Y,"{""agg"": ""composite"", ""operator"": ""AND"", ""children"": [{""agg"": ""count_event"", ""target"": 2, ""action_code"": ""FUEL_RECEIPT""}, {""agg"": ""count_event"", ""target"": 1}], ""window"": {""type"": ""calendar_week""}}"
W-MT-05,Weekly,Maint,MAINT,부품 교체 인증,교체+영수증,-,500,Hard,composite,,,,,calendar_week,,,Y,"{""agg"": ""composite"", ""operator"": ""AND"", ""children"": [{""agg"": ""count_event"", ""target"": 1}, {""agg"": ""count_event"", ""target"": 1}], ""window"": {""type"": ""calendar_week""}}"
W-MT-06,Weekly,Maint,MAINT,타이어 압력 체크,압력 사진,-,200,Easy,count_event,PHOTO_UPLOAD,,1,,calendar_week,,,,"{""agg"": ""count_event"", ""target"": 1, ""action_code"": ""PHOTO_UPLOAD"", ""window"": {""type"": ""calendar_week""}}"
W-MT-07,Weekly,Maint,MAINT,주간 세차 2회,세차 2건,-,200,Easy,count_event,CAR_WASH_RECEIPT,,2,,calendar_week,,,,"{""agg"": ""count_event"", ""target"": 2, ""action_code"": ""CAR_WASH_RECEIPT"", ""window"": {""type"": ""calendar_week""}}"
W-MT-08,Weekly,Maint,MAINT,풀 점검 7일,매일 점검 7일,-,700,Hard,count_event,DAILY_INSPECTION,,7,,calendar_week,,,,"{""agg"": ""count_event"", ""target"": 7, ""action_code"": ""DAILY_INSPECTION"", ""window"": {""type"": ""calendar_week""}}"
W-MT-09,Weekly,Maint,MAINT,주유 영수증 7건,주유 7건,-,500,Medium,count_event,FUEL_RECEIPT,,7,,calendar_week,,,,"{""agg"": ""count_event"", ""target"": 7, ""action_code"": ""FUEL_RECEIPT"", ""window"": {""type"": ""calendar_week""}}"
W-MT-10,Weekly,Maint,MAINT,정비소 비교,2곳 영수증,-,400,Medium,count_distinct,MAINTENANCE_RECEIPT,merchant_id,2,,calendar_week,,,,"{""agg"": ""count_distinct"", ""target"": 2, ""action_code"": ""MAINTENANCE_RECEIPT"", ""field"": ""merchant_id"", ""window"": {""type"": ""calendar_week""}}"
W-MT-11,Weekly,Maint,MAINT,주간 세차 3회,세차 3건,-,300,Medium,count_event,CAR_WASH_RECEIPT,,3,,calendar_week,,,,"{""agg"": ""count_event"", ""target"": 3, ""action_code"": ""CAR_WASH_RECEIPT"", ""window"": {""type"": ""calendar_week""}}"
W-MT-12,Weekly,Maint,MAINT,체인 청소 인증,체인 청소 사진,-,250,Easy,count_event,PHOTO_UPLOAD,,1,,calendar_week,,,,"{""agg"": ""count_event"", ""target"": 1, ""action_code"": ""PHOTO_UPLOAD"", ""window"": {""type"": ""calendar_week""}}"
W-MT-13,Weekly,Maint,MAINT,워셔액 풀,워셔액+사진,-,200,Easy,composite,,,,,calendar_week,,,Y,"{""agg"": ""composite"", ""operator"": ""AND"", ""children"": [{""agg"": ""count_event"", ""target"": 1, ""action_code"": ""PHOTO_UPLOAD""}, {""agg"": ""count_event"", ""target"": 1}], ""window"": {""type"": ""calendar_week""}}"
W-MT-14,Weekly,Maint,MAINT,정비 일지 5건,일지 5개,-,350,Medium,count_event,POST_CREATE,,5,,calendar_week,,,,"{""agg"": ""count_event"", ""target"": 5, ""action_code"": ""POST_CREATE"", ""window"": {""type"": ""calendar_week""}}"
W-MK-01,Weekly,Market,MARKET,첫 거래 도전,등록 1건,-,150,Easy,count_event,MARKET_LISTING,,1,,calendar_week,,,,"{""agg"": ""count_event"", ""target"": 1, ""action_code"": ""MARKET_LISTING"", ""window"": {""type"": ""calendar_week""}}"
W-MK-02,Weekly,Market,MARKET,5건 등록,등록 5건,-,400,Medium,count_event,MARKET_LISTING,,5,,calendar_week,,,,"{""agg"": ""count_event"", ""target"": 5, ""action_code"": ""MARKET_LISTING"", ""window"": {""type"": ""calendar_week""}}"
W-MK-03,Weekly,Market,MARKET,거래 성공,거래 1건,-,800,Hard,count_event,MARKET_SUCCESS,,1,,calendar_week,,,,"{""agg"": ""count_event"", ""target"": 1, ""action_code"": ""MARKET_SUCCESS"", ""window"": {""type"": ""calendar_week""}}"
W-MK-04,Weekly,Market,MARKET,리뷰 작성,리뷰 1건,-,200,Easy,count_event,REVIEW_PHOTO,,1,,calendar_week,,,,"{""agg"": ""count_event"", ""target"": 1, ""action_code"": ""REVIEW_PHOTO"", ""window"": {""type"": ""calendar_week""}}"
W-MK-05,Weekly,Market,MARKET,부품 가격 가이드,5건 비교,-,150,Medium,count_event,MARKET_LISTING,,5,,calendar_week,,,,"{""agg"": ""count_event"", ""target"": 5, ""action_code"": ""MARKET_LISTING"", ""window"": {""type"": ""calendar_week""}}"
W-MK-06,Weekly,Market,MARKET,채팅 응대왕,5건 응답,-,200,Medium,count_event,MARKET_LISTING,,5,,calendar_week,,,,"{""agg"": ""count_event"", ""target"": 5, ""action_code"": ""MARKET_LISTING"", ""window"": {""type"": ""calendar_week""}}"
W-MK-07,Weekly,Market,MARKET,등록 10건,등록 10건,-,800,Hard,count_event,MARKET_LISTING,,10,,calendar_week,,,,"{""agg"": ""count_event"", ""target"": 10, ""action_code"": ""MARKET_LISTING"", ""window"": {""type"": ""calendar_week""}}"
W-MK-08,Weekly,Market,MARKET,거래 2건,거래 2건,-,1500,Hard,count_event,MARKET_SUCCESS,,2,,calendar_week,,,,"{""agg"": ""count_event"", ""target"": 2, ""action_code"": ""MARKET_SUCCESS"", ""window"": {""type"": ""calendar_week""}}"
W-MK-09,Weekly,Market,MARKET,우수 판매자,별점 4.5+ 거래 1,-,400,Medium,composite,,,,,calendar_week,,,Y,"{""agg"": ""composite"", ""operator"": ""AND"", ""children"": [{""agg"": ""count_event"", ""target"": 1}, {""agg"": ""count_event"", ""target"": 1}], ""window"": {""type"": ""calendar_week""}}"
W-MK-10,Weekly,Market,MARKET,빠른 응답,평균 1시간 이내,-,300,Medium,sum_field,RIDE_KM,duration_minutes,60,,calendar_week,,,,"{""agg"": ""sum_field"", ""target"": 60, ""action_code"": ""RIDE_KM"", ""field"": ""duration_minutes"", ""window"": {""type"": ""calendar_week""}}"
W-MK-11,Weekly,Market,MARKET,친절 거래,리뷰 5건 4.5+,-,500,Hard,count_event,REVIEW_PHOTO,,5,,calendar_week,,,,"{""agg"": ""count_event"", ""target"": 5, ""action_code"": ""REVIEW_PHOTO"", ""window"": {""type"": ""calendar_week""}}"
W-MK-12,Weekly,Market,MARKET,카테고리 마스터,다른 카테고리 3건,-,350,Medium,count_event,MARKET_LISTING,,3,,calendar_week,,,,"{""agg"": ""count_event"", ""target"": 3, ""action_code"": ""MARKET_LISTING"", ""window"": {""type"": ""calendar_week""}}"
W-CM-01,Weekly,Community,COMMUNITY,피드 3회 게시,3건,-,300,Easy,count_event,REVIEW_PHOTO,,3,,calendar_week,,,,"{""agg"": ""count_event"", ""target"": 3, ""action_code"": ""REVIEW_PHOTO"", ""window"": {""type"": ""calendar_week""}}"
W-CM-02,Weekly,Community,COMMUNITY,사진 7장,7장,-,400,Medium,count_event,PHOTO_UPLOAD,,7,,calendar_week,,,,"{""agg"": ""count_event"", ""target"": 7, ""action_code"": ""PHOTO_UPLOAD"", ""window"": {""type"": ""calendar_week""}}"
W-CM-03,Weekly,Community,COMMUNITY,친구 초대 1명,가입 1명,-,500,Medium,count_event,REFERRAL,,1,,calendar_week,,,,"{""agg"": ""count_event"", ""target"": 1, ""action_code"": ""REFERRAL"", ""window"": {""type"": ""calendar_week""}}"
W-CM-04,Weekly,Community,COMMUNITY,댓글 30개,댓글 30,-,300,Medium,count_event,COMMENT_POST,,30,,calendar_week,,,,"{""agg"": ""count_event"", ""target"": 30, ""action_code"": ""COMMENT_POST"", ""window"": {""type"": ""calendar_week""}}"
W-CM-05,Weekly,Community,COMMUNITY,좋아요 50개,50회,-,200,Easy,count_event,REVIEW_PHOTO,,50,,calendar_week,,,,"{""agg"": ""count_event"", ""target"": 50, ""action_code"": ""REVIEW_PHOTO"", ""window"": {""type"": ""calendar_week""}}"
W-CM-06,Weekly,Community,COMMUNITY,TikTok 공유,1건,-,250,Medium,count_event,REVIEW_PHOTO,,1,,calendar_week,,,,"{""agg"": ""count_event"", ""target"": 1, ""action_code"": ""REVIEW_PHOTO"", ""window"": {""type"": ""calendar_week""}}"
W-CM-07,Weekly,Community,COMMUNITY,인기 게시물,좋아요 50+ 게시물,-,600,Hard,composite,,,,,calendar_week,,,Y,"{""agg"": ""composite"", ""operator"": ""AND"", ""children"": [{""agg"": ""count_event"", ""target"": 50, ""action_code"": ""LIKE_RECEIVED""}, {""agg"": ""count_event"", ""target"": 1}], ""window"": {""type"": ""calendar_week""}}"
W-CM-08,Weekly,Community,COMMUNITY,사진 15장,15장,-,700,Medium,count_event,PHOTO_UPLOAD,,15,,calendar_week,,,,"{""agg"": ""count_event"", ""target"": 15, ""action_code"": ""PHOTO_UPLOAD"", ""window"": {""type"": ""calendar_week""}}"
W-CM-09,Weekly,Community,COMMUNITY,친구 초대 3명,가입 3명,-,1500,Hard,count_event,REFERRAL,,3,,calendar_week,,,,"{""agg"": ""count_event"", ""target"": 3, ""action_code"": ""REFERRAL"", ""window"": {""type"": ""calendar_week""}}"
W-CM-10,Weekly,Community,COMMUNITY,댓글 100개,100건,-,800,Hard,count_event,REVIEW_PHOTO,,100,,calendar_week,,,,"{""agg"": ""count_event"", ""target"": 100, ""action_code"": ""REVIEW_PHOTO"", ""window"": {""type"": ""calendar_week""}}"
W-CM-11,Weekly,Community,COMMUNITY,TikTok 5건,5건,-,1000,Hard,count_event,REVIEW_PHOTO,,5,,calendar_week,,,,"{""agg"": ""count_event"", ""target"": 5, ""action_code"": ""REVIEW_PHOTO"", ""window"": {""type"": ""calendar_week""}}"
W-CM-12,Weekly,Community,COMMUNITY,Zalo 공유 7건,7건,-,600,Medium,count_event,REVIEW_PHOTO,,7,,calendar_week,,,,"{""agg"": ""count_event"", ""target"": 7, ""action_code"": ""REVIEW_PHOTO"", ""window"": {""type"": ""calendar_week""}}"
W-DL-01,Weekly,Delivery,DELIVERY,주 100건,100건,드라이버,1000,Medium,count_event,DELIVERY_RECEIPT,,100,,calendar_day,,"{""account_type"": [""DRIVER""]}",,"{""agg"": ""count_event"", ""target"": 100, ""action_code"": ""DELIVERY_RECEIPT"", ""window"": {""type"": ""calendar_day""}, ""eligibility"": {""account_type"": [""DRIVER""]}}"
W-DL-02,Weekly,Delivery,DELIVERY,5일 활동,5일+,드라이버,800,Medium,count_distinct,RIDE_KM,ride_date,5,,calendar_day,,"{""account_type"": [""DRIVER""]}",,"{""agg"": ""count_distinct"", ""target"": 5, ""action_code"": ""RIDE_KM"", ""field"": ""ride_date"", ""window"": {""type"": ""calendar_day""}, ""eligibility"": {""account_type"": [""DRIVER""]}}"
W-DL-03,Weekly,Delivery,DELIVERY,야간 50건,19시 후 50건,드라이버,600,Medium,count_event,DELIVERY_RECEIPT,,50,"{""time_of_day"": {""from"": ""19:00"", ""to"": ""23:59""}}",calendar_day,,"{""account_type"": [""DRIVER""]}",,"{""agg"": ""count_event"", ""target"": 50, ""action_code"": ""DELIVERY_RECEIPT"", ""filters"": {""time_of_day"": {""from"": ""19:00"", ""to"": ""23:59""}}, ""window"": {""type"": ""calendar_day""}, ""eligibility"": {""account_type"": [""DRIVER""]}}"
W-DL-04,Weekly,Delivery,DELIVERY,주 200km,배달 200km,드라이버,1200,Hard,sum_field,RIDE_KM,distance_km,200,,calendar_day,,"{""account_type"": [""DRIVER""]}",,"{""agg"": ""sum_field"", ""target"": 200, ""action_code"": ""RIDE_KM"", ""field"": ""distance_km"", ""window"": {""type"": ""calendar_day""}, ""eligibility"": {""account_type"": [""DRIVER""]}}"
W-DL-05,Weekly,Delivery,DELIVERY,주 200건,200건,드라이버,2500,Hard,count_event,DELIVERY_RECEIPT,,200,,calendar_day,,"{""account_type"": [""DRIVER""]}",,"{""agg"": ""count_event"", ""target"": 200, ""action_code"": ""DELIVERY_RECEIPT"", ""window"": {""type"": ""calendar_day""}, ""eligibility"": {""account_type"": [""DRIVER""]}}"
W-DL-06,Weekly,Delivery,DELIVERY,주 7일 활동,7일 연속,드라이버,1500,Hard,streak_days,RIDE_KM,ride_date,7,,calendar_day,,"{""account_type"": [""DRIVER""]}",,"{""agg"": ""streak_days"", ""target"": 7, ""action_code"": ""RIDE_KM"", ""field"": ""ride_date"", ""window"": {""type"": ""calendar_day""}, ""eligibility"": {""account_type"": [""DRIVER""]}}"
W-DL-07,Weekly,Delivery,DELIVERY,우중 30건,강수 중 30건,드라이버,1000,Hard,count_event,DELIVERY_RECEIPT,,30,"{""weather"": ""RAIN""}",calendar_day,,"{""account_type"": [""DRIVER""]}",,"{""agg"": ""count_event"", ""target"": 30, ""action_code"": ""DELIVERY_RECEIPT"", ""filters"": {""weather"": ""RAIN""}, ""window"": {""type"": ""calendar_day""}, ""eligibility"": {""account_type"": [""DRIVER""]}}"
W-DL-08,Weekly,Delivery,DELIVERY,새벽 30건,05-08시 30건,드라이버,800,Medium,count_event,DELIVERY_RECEIPT,,30,"{""time_of_day"": {""from"": ""05:00"", ""to"": ""08:00""}}",calendar_day,,"{""account_type"": [""DRIVER""]}",,"{""agg"": ""count_event"", ""target"": 30, ""action_code"": ""DELIVERY_RECEIPT"", ""filters"": {""time_of_day"": {""from"": ""05:00"", ""to"": ""08:00""}}, ""window"": {""type"": ""calendar_day""}, ""eligibility"": {""account_type"": [""DRIVER""]}}"
M-RD-01,Monthly,Riding,RIDING,월 300km,누적 300km,-,3000,Medium,sum_field,RIDE_KM,distance_km,300,,calendar_month,,,,"{""agg"": ""sum_field"", ""target"": 300, ""action_code"": ""RIDE_KM"", ""field"": ""distance_km"", ""window"": {""type"": ""calendar_month""}}"
M-RD-02,Monthly,Riding,RIDING,월 500km,누적 500km,-,5500,Hard,sum_field,RIDE_KM,distance_km,500,,calendar_month,,,,"{""agg"": ""sum_field"", ""target"": 500, ""action_code"": ""RIDE_KM"", ""field"": ""distance_km"", ""window"": {""type"": ""calendar_month""}}"
M-RD-03,Monthly,Riding,RIDING,월 1000km 레전드,1000km,-,12000,Hard,sum_field,RIDE_KM,distance_km,1000,,calendar_month,,,,"{""agg"": ""sum_field"", ""target"": 1000, ""action_code"": ""RIDE_KM"", ""field"": ""distance_km"", ""window"": {""type"": ""calendar_month""}}"
M-RD-04,Monthly,Riding,RIDING,20일 라이딩,20일+,-,4000,Medium,count_distinct,RIDE_KM,ride_date,20,,calendar_month,,,,"{""agg"": ""count_distinct"", ""target"": 20, ""action_code"": ""RIDE_KM"", ""field"": ""ride_date"", ""window"": {""type"": ""calendar_month""}}"
M-RD-05,Monthly,Riding,RIDING,호치민 모든 District,전 District,-,6000,Hard,count_distinct_district,RIDE_KM,,24,"{""geo"": {""type"": ""district_all""}}",calendar_month,,,,"{""agg"": ""count_distinct_district"", ""target"": 24, ""action_code"": ""RIDE_KM"", ""filters"": {""geo"": {""type"": ""district_all""}}, ""window"": {""type"": ""calendar_month""}}"
M-RD-06,Monthly,Riding,RIDING,월간 퀘스트 마스터,퀘스트 25개,-,5000,Hard,count_event,QUEST_COMPLETE,,25,,calendar_month,,,,"{""agg"": ""count_event"", ""target"": 25, ""action_code"": ""QUEST_COMPLETE"", ""window"": {""type"": ""calendar_month""}}"
M-RD-07,Monthly,Riding,RIDING,25일 라이딩,25일+,-,6000,Hard,count_distinct,RIDE_KM,ride_date,25,,calendar_month,,,,"{""agg"": ""count_distinct"", ""target"": 25, ""action_code"": ""RIDE_KM"", ""field"": ""ride_date"", ""window"": {""type"": ""calendar_month""}}"
M-RD-08,Monthly,Riding,RIDING,월 1500km 레전드,1500km,-,18000,Hard,sum_field,RIDE_KM,distance_km,1500,,calendar_month,,,,"{""agg"": ""sum_field"", ""target"": 1500, ""action_code"": ""RIDE_KM"", ""field"": ""distance_km"", ""window"": {""type"": ""calendar_month""}}"
M-RD-09,Monthly,Riding,RIDING,새벽 라이더 월간,새벽 10일,-,4500,Hard,count_event,RIDE_KM,,1,"{""time_of_day"": {""from"": ""05:00"", ""to"": ""07:00""}}",calendar_month,,,,"{""agg"": ""count_event"", ""target"": 1, ""action_code"": ""RIDE_KM"", ""filters"": {""time_of_day"": {""from"": ""05:00"", ""to"": ""07:00""}}, ""window"": {""type"": ""calendar_month""}}"
M-RD-10,Monthly,Riding,RIDING,야간 라이더 월간,19시 후 200km,-,5000,Hard,sum_field,RIDE_KM,distance_km,200,"{""time_of_day"": {""from"": ""19:00"", ""to"": ""23:59""}}",calendar_month,,,,"{""agg"": ""sum_field"", ""target"": 200, ""action_code"": ""RIDE_KM"", ""field"": ""distance_km"", ""filters"": {""time_of_day"": {""from"": ""19:00"", ""to"": ""23:59""}}, ""window"": {""type"": ""calendar_month""}}"
M-RD-11,Monthly,Riding,RIDING,그룹 라이딩 5회,그룹 5회,-,3500,Medium,count_event,RIDE_KM,,5,,calendar_month,,,,"{""agg"": ""count_event"", ""target"": 5, ""action_code"": ""RIDE_KM"", ""window"": {""type"": ""calendar_month""}}"
M-RD-12,Monthly,Riding,RIDING,안전 라이더 월간,과속 0+500km,-,7000,Hard,composite,,,,,calendar_month,,,Y,"{""agg"": ""composite"", ""operator"": ""AND"", ""children"": [{""agg"": ""count_event"", ""target"": 1}, {""agg"": ""sum_field"", ""target"": 500, ""action_code"": ""RIDE_KM"", ""field"": ""distance_km""}], ""window"": {""type"": ""calendar_month""}}"
M-MT-01,Monthly,Maint,MAINT,정비 인증 마스터,합 20건,-,2500,Medium,count_event,MAINTENANCE_RECEIPT,,20,,calendar_month,,,,"{""agg"": ""count_event"", ""target"": 20, ""action_code"": ""MAINTENANCE_RECEIPT"", ""window"": {""type"": ""calendar_month""}}"
M-MT-02,Monthly,Maint,MAINT,차량 풀 점검,정비소+점검 8,-,3000,Medium,composite,,,,,calendar_month,,,Y,"{""agg"": ""composite"", ""operator"": ""AND"", ""children"": [{""agg"": ""count_event"", ""target"": 1}, {""agg"": ""count_event"", ""target"": 8, ""action_code"": ""DAILY_INSPECTION""}], ""window"": {""type"": ""calendar_month""}}"
M-MT-03,Monthly,Maint,MAINT,연비 트래커,매주 4회,-,2000,Medium,count_event,MAINTENANCE_RECEIPT,,4,,calendar_month,,,,"{""agg"": ""count_event"", ""target"": 4, ""action_code"": ""MAINTENANCE_RECEIPT"", ""window"": {""type"": ""calendar_month""}}"
M-MT-04,Monthly,Maint,MAINT,풀 점검 25일,25일 점검,-,4000,Hard,count_event,DAILY_INSPECTION,,25,,calendar_month,,,,"{""agg"": ""count_event"", ""target"": 25, ""action_code"": ""DAILY_INSPECTION"", ""window"": {""type"": ""calendar_month""}}"
M-MT-05,Monthly,Maint,MAINT,정비소 2곳 비교,영수증 2곳,-,2500,Medium,count_distinct,MAINTENANCE_RECEIPT,merchant_id,2,,calendar_month,,,,"{""agg"": ""count_distinct"", ""target"": 2, ""action_code"": ""MAINTENANCE_RECEIPT"", ""field"": ""merchant_id"", ""window"": {""type"": ""calendar_month""}}"
M-MT-06,Monthly,Maint,MAINT,부품 교체 2건,부품 교체 2,-,4500,Hard,count_event,PART_REPLACE,,2,,calendar_month,,,,"{""agg"": ""count_event"", ""target"": 2, ""action_code"": ""PART_REPLACE"", ""window"": {""type"": ""calendar_month""}}"
M-MK-01,Monthly,Market,MARKET,거래 챔피언,거래 3건,-,4000,Hard,count_event,MARKET_SUCCESS,,3,,calendar_month,,,,"{""agg"": ""count_event"", ""target"": 3, ""action_code"": ""MARKET_SUCCESS"", ""window"": {""type"": ""calendar_month""}}"
M-MK-02,Monthly,Market,MARKET,부품 큐레이터,등록 15+별점 4.0,-,3500,Hard,composite,,,,,calendar_month,,,Y,"{""agg"": ""composite"", ""operator"": ""AND"", ""children"": [{""agg"": ""count_event"", ""target"": 1}, {""agg"": ""count_event"", ""target"": 1}], ""window"": {""type"": ""calendar_month""}}"
M-MK-03,Monthly,Market,MARKET,거래 5건 챔피언,거래 5건,-,7500,Hard,count_event,MARKET_SUCCESS,,5,,calendar_month,,,,"{""agg"": ""count_event"", ""target"": 5, ""action_code"": ""MARKET_SUCCESS"", ""window"": {""type"": ""calendar_month""}}"
M-MK-04,Monthly,Market,MARKET,등록 30건 마스터,등록 30건,-,5000,Hard,count_event,MARKET_LISTING,,30,,calendar_month,,,,"{""agg"": ""count_event"", ""target"": 30, ""action_code"": ""MARKET_LISTING"", ""window"": {""type"": ""calendar_month""}}"
M-CM-01,Monthly,Community,COMMUNITY,피드 스타,15건+좋아요 100,-,4000,Medium,composite,,,,,calendar_month,,,Y,"{""agg"": ""composite"", ""operator"": ""AND"", ""children"": [{""agg"": ""count_event"", ""target"": 15, ""action_code"": ""REVIEW_PHOTO""}, {""agg"": ""count_event"", ""target"": 100, ""action_code"": ""LIKE_RECEIVED""}], ""window"": {""type"": ""calendar_month""}}"
M-CM-02,Monthly,Community,COMMUNITY,추천 마스터,친구 5명,-,6000,Hard,count_event,REFERRAL,,5,,calendar_month,,,,"{""agg"": ""count_event"", ""target"": 5, ""action_code"": ""REFERRAL"", ""window"": {""type"": ""calendar_month""}}"
M-CM-03,Monthly,Community,COMMUNITY,컨텐츠 메이커,사진 30+TikTok 3,-,3500,Medium,composite,,,,,calendar_month,,,Y,"{""agg"": ""composite"", ""operator"": ""AND"", ""children"": [{""agg"": ""count_event"", ""target"": 1}, {""agg"": ""count_event"", ""target"": 1}], ""window"": {""type"": ""calendar_month""}}"
M-CM-04,Monthly,Community,COMMUNITY,인플루언서,좋아요 합 500+,-,5500,Hard,sum_field,LIKE_RECEIVED,like_count,500,,calendar_month,,,,"{""agg"": ""sum_field"", ""target"": 500, ""action_code"": ""LIKE_RECEIVED"", ""field"": ""like_count"", ""window"": {""type"": ""calendar_month""}}"
M-CM-05,Monthly,Community,COMMUNITY,친구 10명,가입 10명,-,13000,Hard,count_event,REFERRAL,,10,,calendar_month,,,,"{""agg"": ""count_event"", ""target"": 10, ""action_code"": ""REFERRAL"", ""window"": {""type"": ""calendar_month""}}"
M-CM-06,Monthly,Community,COMMUNITY,컨텐츠 50건,게시물 50건,-,6000,Hard,count_event,POST_CREATE,,50,,calendar_month,,,,"{""agg"": ""count_event"", ""target"": 50, ""action_code"": ""POST_CREATE"", ""window"": {""type"": ""calendar_month""}}"
M-DL-01,Monthly,Delivery,DELIVERY,월 500건,500건,드라이버,8000,Hard,count_event,DELIVERY_RECEIPT,,500,,calendar_day,,"{""account_type"": [""DRIVER""]}",,"{""agg"": ""count_event"", ""target"": 500, ""action_code"": ""DELIVERY_RECEIPT"", ""window"": {""type"": ""calendar_day""}, ""eligibility"": {""account_type"": [""DRIVER""]}}"
M-DL-02,Monthly,Delivery,DELIVERY,월 1000건 프로,1000건,드라이버,18000,Hard,count_event,DELIVERY_RECEIPT,,1000,,calendar_day,,"{""account_type"": [""DRIVER""]}",,"{""agg"": ""count_event"", ""target"": 1000, ""action_code"": ""DELIVERY_RECEIPT"", ""window"": {""type"": ""calendar_day""}, ""eligibility"": {""account_type"": [""DRIVER""]}}"
M-DL-03,Monthly,Delivery,DELIVERY,월 2000건 레전드,2000건,드라이버,40000,Hard,count_event,DELIVERY_RECEIPT,,2000,,calendar_day,,"{""account_type"": [""DRIVER""]}",,"{""agg"": ""count_event"", ""target"": 2000, ""action_code"": ""DELIVERY_RECEIPT"", ""window"": {""type"": ""calendar_day""}, ""eligibility"": {""account_type"": [""DRIVER""]}}"
M-DL-04,Monthly,Delivery,DELIVERY,30일 활동,30일+,드라이버,12000,Hard,count_distinct,RIDE_KM,ride_date,30,,calendar_day,,"{""account_type"": [""DRIVER""]}",,"{""agg"": ""count_distinct"", ""target"": 30, ""action_code"": ""RIDE_KM"", ""field"": ""ride_date"", ""window"": {""type"": ""calendar_day""}, ""eligibility"": {""account_type"": [""DRIVER""]}}"
M-MX-01,Monthly,Mixed,MIXED,다양성 마스터,5개 카테고리,-,5000,Medium,count_distinct_category,,,5,,calendar_month,,,,"{""agg"": ""count_distinct_category"", ""target"": 5, ""window"": {""type"": ""calendar_month""}}"
M-MX-02,Monthly,Mixed,MIXED,월간 완벽주의자,월 미션 5개+,-,6000,Medium,count_mission_complete,,,5,,calendar_month,,,,"{""agg"": ""count_mission_complete"", ""target"": 5, ""window"": {""type"": ""calendar_month""}}"
M-MX-03,Monthly,Mixed,MIXED,균형의 라이더,5카테고리 각 100 RP,-,7500,Hard,count_distinct_category,,,5,,calendar_month,,,,"{""agg"": ""count_distinct_category"", ""target"": 5, ""window"": {""type"": ""calendar_month""}}"
M-MX-04,Monthly,Mixed,MIXED,풀 다양성 마스터,5카테고리+미션 8,-,10000,Hard,composite,,,,,calendar_month,,,Y,"{""agg"": ""composite"", ""operator"": ""AND"", ""children"": [{""agg"": ""count_distinct_category"", ""target"": 5}, {""agg"": ""count_mission_complete"", ""target"": 8}], ""window"": {""type"": ""calendar_month""}}"
S-TET-01,Seasonal,Riding,RIDING,Tết 귀성 라이딩,50km 장거리,Tet,2500,Hard,sum_field,RIDE_KM,distance_km,50,,season,TET,,,"{""agg"": ""sum_field"", ""target"": 50, ""action_code"": ""RIDE_KM"", ""field"": ""distance_km"", ""window"": {""type"": ""season"", ""label"": ""TET"", ""raw"": ""Tet""}}"
S-TET-02,Seasonal,Riding,RIDING,새해 첫 라이딩,연휴 첫날,Tet,1500,Easy,count_event,RIDE_KM,,1,"{""date"": {""period"": ""HOLIDAY""}}",season,TET,,,"{""agg"": ""count_event"", ""target"": 1, ""action_code"": ""RIDE_KM"", ""filters"": {""date"": {""period"": ""HOLIDAY""}}, ""window"": {""type"": ""season"", ""label"": ""TET"", ""raw"": ""Tet""}}"
S-TET-03,Seasonal,Riding,RIDING,빨간 봉투 챌린지,5일+ 라이딩,Tet,3000,Medium,count_distinct,RIDE_KM,ride_date,5,,season,TET,,,"{""agg"": ""count_distinct"", ""target"": 5, ""action_code"": ""RIDE_KM"", ""field"": ""ride_date"", ""window"": {""type"": ""season"", ""label"": ""TET"", ""raw"": ""Tet""}}"
S-TET-04,Seasonal,Community,COMMUNITY,Lantern Night Ride,야간+조명 사진,Tet,1800,Medium,composite,,,,,season,TET,,Y,"{""agg"": ""composite"", ""operator"": ""AND"", ""children"": [{""agg"": ""count_event"", ""target"": 1, ""action_code"": ""RIDE_KM"", ""filters"": {""time_of_day"": {""from"": ""19:00"", ""to"": ""22:00""}}}, {""agg"": ""count_event"", ""target"": 1, ""action_code"": ""PHOTO_UPLOAD""}], ""window"": {""type"": ""season"", ""label"": ""TET"", ""raw"": ""Tet""}}"
S-TET-05,Seasonal,Riding,RIDING,봄꽃 라이딩,공원 3곳,Tet,1200,Easy,count_distinct,RIDE_KM,location,3,,season,TET,,,"{""agg"": ""count_distinct"", ""target"": 3, ""action_code"": ""RIDE_KM"", ""field"": ""location"", ""window"": {""type"": ""season"", ""label"": ""TET"", ""raw"": ""Tet""}}"
S-TET-06,Seasonal,Mixed,MIXED,새해 다짐,5개 카테고리,Tet,3500,Medium,count_distinct_category,,,5,,season,TET,,,"{""agg"": ""count_distinct_category"", ""target"": 5, ""window"": {""type"": ""season"", ""label"": ""TET"", ""raw"": ""Tet""}}"
S-TET-07,Seasonal,Community,COMMUNITY,Lì Xì 친구 초대,Tết 1명 가입,Tet,2000,Medium,count_event,RIDE_KM,,1,"{""date"": {""period"": ""TET""}}",season,TET,,,"{""agg"": ""count_event"", ""target"": 1, ""action_code"": ""RIDE_KM"", ""filters"": {""date"": {""period"": ""TET""}}, ""window"": {""type"": ""season"", ""label"": ""TET"", ""raw"": ""Tet""}}"
S-TET-08,Seasonal,Mixed,MIXED,Tết 풀 컴플리션,Tết 미션 4개+,Tet,5000,Hard,count_mission_complete,,,4,"{""date"": {""period"": ""TET""}}",season,TET,,,"{""agg"": ""count_mission_complete"", ""target"": 4, ""filters"": {""date"": {""period"": ""TET""}}, ""window"": {""type"": ""season"", ""label"": ""TET"", ""raw"": ""Tet""}}"
S-SPRING-01,Seasonal,Riding,RIDING,3월 200km,3월 200km,Spring,2200,Medium,sum_field,RIDE_KM,distance_km,200,,season,SPRING,,,"{""agg"": ""sum_field"", ""target"": 200, ""action_code"": ""RIDE_KM"", ""field"": ""distance_km"", ""window"": {""type"": ""season"", ""label"": ""SPRING"", ""raw"": ""Spring""}}"
S-SPRING-02,Seasonal,Riding,RIDING,봄 카페 투어,카페 7곳,Spring,1800,Medium,count_distinct,RIDE_KM,location,7,"{""geo"": {""type"": ""poi_category"", ""values"": [""cafe""]}}",season,SPRING,,,"{""agg"": ""count_distinct"", ""target"": 7, ""action_code"": ""RIDE_KM"", ""field"": ""location"", ""filters"": {""geo"": {""type"": ""poi_category"", ""values"": [""cafe""]}}, ""window"": {""type"": ""season"", ""label"": ""SPRING"", ""raw"": ""Spring""}}"
S-SPRING-03,Seasonal,Riding,RIDING,새벽 봄 라이딩,새벽 5일,Spring,1500,Medium,count_event,RIDE_KM,,1,"{""time_of_day"": {""from"": ""05:00"", ""to"": ""07:00""}}",season,SPRING,,,"{""agg"": ""count_event"", ""target"": 1, ""action_code"": ""RIDE_KM"", ""filters"": {""time_of_day"": {""from"": ""05:00"", ""to"": ""07:00""}}, ""window"": {""type"": ""season"", ""label"": ""SPRING"", ""raw"": ""Spring""}}"
S-SPRING-04,Seasonal,Community,COMMUNITY,여성의 날 응원,3/8 라이딩+사진,Spring,1200,Easy,composite,,,,,season,SPRING,,Y,"{""agg"": ""composite"", ""operator"": ""AND"", ""children"": [{""agg"": ""count_event"", ""target"": 1, ""action_code"": ""RIDE_KM"", ""filters"": {""date"": {""date"": ""03-08"", ""label"": ""INTL_WOMENS_DAY""}}}, {""agg"": ""count_event"", ""target"": 1}], ""window"": {""type"": ""season"", ""label"": ""SPRING"", ""raw"": ""Spring""}}"
S-SPRING-05,Seasonal,Community,COMMUNITY,봄 풍경 사진,풍경 10장,Spring,1500,Medium,count_event,PHOTO_UPLOAD,,10,,season,SPRING,,,"{""agg"": ""count_event"", ""target"": 10, ""action_code"": ""PHOTO_UPLOAD"", ""window"": {""type"": ""season"", ""label"": ""SPRING"", ""raw"": ""Spring""}}"
S-SPRING-06,Seasonal,Community,COMMUNITY,봄 친구 초대,2명 가입,Spring,2500,Medium,count_event,REFERRAL,,2,,season,SPRING,,,"{""agg"": ""count_event"", ""target"": 2, ""action_code"": ""REFERRAL"", ""window"": {""type"": ""season"", ""label"": ""SPRING"", ""raw"": ""Spring""}}"
S-RAIN-01,Seasonal,Riding,RIDING,첫 비 라이딩,강수 5km,Rain,1500,Medium,sum_field,RIDE_KM,distance_km,5,"{""weather"": ""RAIN""}",season,RAINY,,,"{""agg"": ""sum_field"", ""target"": 5, ""action_code"": ""RIDE_KM"", ""field"": ""distance_km"", ""filters"": {""weather"": ""RAIN""}, ""window"": {""type"": ""season"", ""label"": ""RAINY"", ""raw"": ""Rain""}}"
S-RAIN-02,Seasonal,Riding,RIDING,우비 챔피언,강수일 3회,Rain,2500,Hard,count_event,RIDE_KM,,3,"{""weather"": ""RAIN""}",season,RAINY,,,"{""agg"": ""count_event"", ""target"": 3, ""action_code"": ""RIDE_KM"", ""filters"": {""weather"": ""RAIN""}, ""window"": {""type"": ""season"", ""label"": ""RAINY"", ""raw"": ""Rain""}}"
S-RAIN-03,Seasonal,Community,COMMUNITY,빗물 사진,비 사진 3장,Rain,800,Easy,count_event,PHOTO_UPLOAD,,3,"{""weather"": ""RAIN""}",season,RAINY,,,"{""agg"": ""count_event"", ""target"": 3, ""action_code"": ""PHOTO_UPLOAD"", ""filters"": {""weather"": ""RAIN""}, ""window"": {""type"": ""season"", ""label"": ""RAINY"", ""raw"": ""Rain""}}"
S-RAIN-04,Seasonal,Maint,MAINT,미끄럼 방지 점검,타이어+주유,Rain,1500,Medium,composite,,,,,season,RAINY,,Y,"{""agg"": ""composite"", ""operator"": ""AND"", ""children"": [{""agg"": ""count_event"", ""target"": 1}, {""agg"": ""count_event"", ""target"": 1}], ""window"": {""type"": ""season"", ""label"": ""RAINY"", ""raw"": ""Rain""}}"
S-RAIN-05,Seasonal,Riding,RIDING,야간 우중 라이딩,야간+강수 5km,Rain,2000,Hard,composite,,,,,season,RAINY,,Y,"{""agg"": ""composite"", ""operator"": ""AND"", ""children"": [{""agg"": ""count_event"", ""target"": 1, ""action_code"": ""RIDE_KM"", ""filters"": {""time_of_day"": {""from"": ""19:00"", ""to"": ""22:00""}}}, {""agg"": ""sum_field"", ""target"": 5, ""action_code"": ""RIDE_KM"", ""field"": ""distance_km"", ""filters"": {""weather"": ""RAIN""}}], ""window"": {""type"": ""season"", ""label"": ""RAINY"", ""raw"": ""Rain""}}"
S-RAIN-06,Seasonal,Riding,RIDING,노동절 라이딩,5/1 라이딩,Rain,1000,Easy,count_event,RIDE_KM,,1,"{""date"": {""date"": ""05-01"", ""label"": ""LABOR_DAY""}}",season,RAINY,,,"{""agg"": ""count_event"", ""target"": 1, ""action_code"": ""RIDE_KM"", ""filters"": {""date"": {""date"": ""05-01"", ""label"": ""LABOR_DAY""}}, ""window"": {""type"": ""season"", ""label"": ""RAINY"", ""raw"": ""Rain""}}"
S-SUM-01,Seasonal,Riding,RIDING,폭우 라이딩,폭우 라이딩,Summer,3000,Hard,count_event,RIDE_KM,,1,"{""weather"": ""HEAVY_RAIN""}",season,SUMMER,,,"{""agg"": ""count_event"", ""target"": 1, ""action_code"": ""RIDE_KM"", ""filters"": {""weather"": ""HEAVY_RAIN""}, ""window"": {""type"": ""season"", ""label"": ""SUMMER"", ""raw"": ""Summer""}}"
S-SUM-02,Seasonal,Riding,RIDING,여름 야간 100km,19시 후 100km,Summer,3500,Hard,sum_field,RIDE_KM,distance_km,100,"{""time_of_day"": {""from"": ""19:00"", ""to"": ""23:59""}}",season,SUMMER,,,"{""agg"": ""sum_field"", ""target"": 100, ""action_code"": ""RIDE_KM"", ""field"": ""distance_km"", ""filters"": {""time_of_day"": {""from"": ""19:00"", ""to"": ""23:59""}}, ""window"": {""type"": ""season"", ""label"": ""SUMMER"", ""raw"": ""Summer""}}"
S-SUM-03,Seasonal,Maint,MAINT,풀가동 정비,영수증 2건,Summer,2500,Medium,count_event,MAINTENANCE_RECEIPT,,2,,season,SUMMER,,,"{""agg"": ""count_event"", ""target"": 2, ""action_code"": ""MAINTENANCE_RECEIPT"", ""window"": {""type"": ""season"", ""label"": ""SUMMER"", ""raw"": ""Summer""}}"
S-SUM-04,Seasonal,Market,MARKET,여름 마켓 챌린지,거래 5건,Summer,5000,Hard,count_event,MARKET_SUCCESS,,5,,season,SUMMER,,,"{""agg"": ""count_event"", ""target"": 5, ""action_code"": ""MARKET_SUCCESS"", ""window"": {""type"": ""season"", ""label"": ""SUMMER"", ""raw"": ""Summer""}}"
S-SUM-05,Seasonal,Riding,RIDING,친구와 우중,그룹+강수,Summer,3000,Hard,composite,,,,,season,SUMMER,,Y,"{""agg"": ""composite"", ""operator"": ""AND"", ""children"": [{""agg"": ""count_event"", ""target"": 1}, {""agg"": ""count_event"", ""target"": 1, ""action_code"": ""RIDE_KM"", ""filters"": {""weather"": ""RAIN""}}], ""window"": {""type"": ""season"", ""label"": ""SUMMER"", ""raw"": ""Summer""}}"
S-SUM-06,Seasonal,Riding,RIDING,7월 1000km,7월 1000km,Summer,12000,Hard,sum_field,RIDE_KM,distance_km,1000,,season,SUMMER,,,"{""agg"": ""sum_field"", ""target"": 1000, ""action_code"": ""RIDE_KM"", ""field"": ""distance_km"", ""window"": {""type"": ""season"", ""label"": ""SUMMER"", ""raw"": ""Summer""}}"
S-SUM-07,Seasonal,Riding,RIDING,폭염 새벽 라이더,새벽 7일,Summer,3500,Hard,count_event,RIDE_KM,,1,"{""time_of_day"": {""from"": ""05:00"", ""to"": ""07:00""}}",season,SUMMER,,,"{""agg"": ""count_event"", ""target"": 1, ""action_code"": ""RIDE_KM"", ""filters"": {""time_of_day"": {""from"": ""05:00"", ""to"": ""07:00""}}, ""window"": {""type"": ""season"", ""label"": ""SUMMER"", ""raw"": ""Summer""}}"
S-INDEP-01,Seasonal,Riding,RIDING,9/2 독립기념일,9/2 라이딩,Indep,2000,Easy,count_event,RIDE_KM,,1,"{""date"": {""date"": ""09-02"", ""label"": ""VN_NATIONAL_DAY""}}",season,VN_INDEPENDENCE,,,"{""agg"": ""count_event"", ""target"": 1, ""action_code"": ""RIDE_KM"", ""filters"": {""date"": {""date"": ""09-02"", ""label"": ""VN_NATIONAL_DAY""}}, ""window"": {""type"": ""season"", ""label"": ""VN_INDEPENDENCE"", ""raw"": ""Indep""}}"
S-INDEP-02,Seasonal,Community,COMMUNITY,빨강 노랑 사진,국기색 사진 3장,Indep,1200,Easy,count_event,PHOTO_UPLOAD,,3,,season,VN_INDEPENDENCE,,,"{""agg"": ""count_event"", ""target"": 3, ""action_code"": ""PHOTO_UPLOAD"", ""window"": {""type"": ""season"", ""label"": ""VN_INDEPENDENCE"", ""raw"": ""Indep""}}"
S-INDEP-03,Seasonal,Riding,RIDING,9/2 그룹 라이딩,그룹 1회,Indep,2500,Medium,count_event,RIDE_KM,,1,,season,VN_INDEPENDENCE,,,"{""agg"": ""count_event"", ""target"": 1, ""action_code"": ""RIDE_KM"", ""window"": {""type"": ""season"", ""label"": ""VN_INDEPENDENCE"", ""raw"": ""Indep""}}"
S-INDEP-04,Seasonal,Riding,RIDING,도시 랜드마크,랜드마크 3곳,Indep,2000,Medium,count_distinct,RIDE_KM,location,3,"{""geo"": {""type"": ""poi_category"", ""values"": [""landmark""]}}",season,VN_INDEPENDENCE,,,"{""agg"": ""count_distinct"", ""target"": 3, ""action_code"": ""RIDE_KM"", ""field"": ""location"", ""filters"": {""geo"": {""type"": ""poi_category"", ""values"": [""landmark""]}}, ""window"": {""type"": ""season"", ""label"": ""VN_INDEPENDENCE"", ""raw"": ""Indep""}}"
S-INDEP-05,Seasonal,Riding,RIDING,야간 퍼레이드,9/2 야간 라이딩,Indep,1800,Medium,count_event,RIDE_KM,,1,"{""time_of_day"": {""from"": ""19:00"", ""to"": ""22:00""}, ""date"": {""date"": ""09-02"", ""label"": ""VN_NATIONAL_DAY""}}",season,VN_INDEPENDENCE,,,"{""agg"": ""count_event"", ""target"": 1, ""action_code"": ""RIDE_KM"", ""filters"": {""time_of_day"": {""from"": ""19:00"", ""to"": ""22:00""}, ""date"": {""date"": ""09-02"", ""label"": ""VN_NATIONAL_DAY""}}, ""window"": {""type"": ""season"", ""label"": ""VN_INDEPENDENCE"", ""raw"": ""Indep""}}"
S-INDEP-06,Seasonal,Mixed,MIXED,독립기념 풀패스,시즌 미션 3개+,Indep,3500,Hard,count_mission_complete,,,3,,season,VN_INDEPENDENCE,,,"{""agg"": ""count_mission_complete"", ""target"": 3, ""window"": {""type"": ""season"", ""label"": ""VN_INDEPENDENCE"", ""raw"": ""Indep""}}"
S-MID-01,Seasonal,Riding,RIDING,Mid-Autumn 라이딩,연휴 라이딩,Mid,2000,Easy,count_event,RIDE_KM,,1,"{""date"": {""period"": ""HOLIDAY""}}",season,MID_AUTUMN,,,"{""agg"": ""count_event"", ""target"": 1, ""action_code"": ""RIDE_KM"", ""filters"": {""date"": {""period"": ""HOLIDAY""}}, ""window"": {""type"": ""season"", ""label"": ""MID_AUTUMN"", ""raw"": ""Mid""}}"
S-MID-02,Seasonal,Community,COMMUNITY,등불 사진,등불 5장,Mid,1500,Easy,count_event,PHOTO_UPLOAD,,5,,season,MID_AUTUMN,,,"{""agg"": ""count_event"", ""target"": 5, ""action_code"": ""PHOTO_UPLOAD"", ""window"": {""type"": ""season"", ""label"": ""MID_AUTUMN"", ""raw"": ""Mid""}}"
S-MID-03,Seasonal,Riding,RIDING,가족과 라이딩,그룹 2회,Mid,2000,Medium,count_event,RIDE_KM,,2,,season,MID_AUTUMN,,,"{""agg"": ""count_event"", ""target"": 2, ""action_code"": ""RIDE_KM"", ""window"": {""type"": ""season"", ""label"": ""MID_AUTUMN"", ""raw"": ""Mid""}}"
S-MID-04,Seasonal,Riding,RIDING,건기 첫 라이딩,10월 첫주 3회,Mid,1800,Medium,count_event,RIDE_KM,,3,,season,MID_AUTUMN,,,"{""agg"": ""count_event"", ""target"": 3, ""action_code"": ""RIDE_KM"", ""window"": {""type"": ""season"", ""label"": ""MID_AUTUMN"", ""raw"": ""Mid""}}"
S-MID-05,Seasonal,Mixed,MIXED,풀 다양성 챌린지,5카테고리+10미션,Mid,5500,Hard,composite,,,,,season,MID_AUTUMN,,Y,"{""agg"": ""composite"", ""operator"": ""AND"", ""children"": [{""agg"": ""count_distinct_category"", ""target"": 5}, {""agg"": ""count_event"", ""target"": 1}], ""window"": {""type"": ""season"", ""label"": ""MID_AUTUMN"", ""raw"": ""Mid""}}"
S-MID-06,Seasonal,Mixed,MIXED,6개월 충성 라이더,180일+50회,Mid,10000,Hard,count_distinct,RIDE_KM,ride_date,180,,season,MID_AUTUMN,,,"{""agg"": ""count_distinct"", ""target"": 180, ""action_code"": ""RIDE_KM"", ""field"": ""ride_date"", ""window"": {""type"": ""season"", ""label"": ""MID_AUTUMN"", ""raw"": ""Mid""}}"
S-DRY-01,Seasonal,Riding,RIDING,건기 시작,11월 첫주 5일,Dry,2000,Medium,count_distinct,RIDE_KM,ride_date,5,,season,DRY_SEASON,,,"{""agg"": ""count_distinct"", ""target"": 5, ""action_code"": ""RIDE_KM"", ""field"": ""ride_date"", ""window"": {""type"": ""season"", ""label"": ""DRY_SEASON"", ""raw"": ""Dry""}}"
S-DRY-02,Seasonal,Riding,RIDING,11월 500km,11월 500km,Dry,6000,Hard,sum_field,RIDE_KM,distance_km,500,,season,DRY_SEASON,,,"{""agg"": ""sum_field"", ""target"": 500, ""action_code"": ""RIDE_KM"", ""field"": ""distance_km"", ""window"": {""type"": ""season"", ""label"": ""DRY_SEASON"", ""raw"": ""Dry""}}"
S-DRY-03,Seasonal,Riding,RIDING,새벽 골든아워,05-07시 7일,Dry,2500,Hard,count_event,RIDE_KM,,1,"{""time_of_day"": {""from"": ""05:00"", ""to"": ""07:00""}}",season,DRY_SEASON,,,"{""agg"": ""count_event"", ""target"": 1, ""action_code"": ""RIDE_KM"", ""filters"": {""time_of_day"": {""from"": ""05:00"", ""to"": ""07:00""}}, ""window"": {""type"": ""season"", ""label"": ""DRY_SEASON"", ""raw"": ""Dry""}}"
S-DRY-04,Seasonal,Community,COMMUNITY,베트남 여성의 날,10/20 라이딩+사진,Dry,1500,Easy,composite,,,,,season,DRY_SEASON,,Y,"{""agg"": ""composite"", ""operator"": ""AND"", ""children"": [{""agg"": ""count_event"", ""target"": 1, ""action_code"": ""RIDE_KM"", ""filters"": {""date"": {""date"": ""10-20"", ""label"": ""VN_WOMENS_DAY""}}}, {""agg"": ""count_event"", ""target"": 1}], ""window"": {""type"": ""season"", ""label"": ""DRY_SEASON"", ""raw"": ""Dry""}}"
S-DRY-05,Seasonal,Community,COMMUNITY,건기 풍경 사진,풍경 15장,Dry,2000,Medium,count_event,PHOTO_UPLOAD,,15,,season,DRY_SEASON,,,"{""agg"": ""count_event"", ""target"": 15, ""action_code"": ""PHOTO_UPLOAD"", ""window"": {""type"": ""season"", ""label"": ""DRY_SEASON"", ""raw"": ""Dry""}}"
S-DRY-06,Seasonal,Riding,RIDING,카페 투어 10곳,카페 10곳,Dry,3000,Medium,count_distinct,RIDE_KM,location,10,"{""geo"": {""type"": ""poi_category"", ""values"": [""cafe""]}}",season,DRY_SEASON,,,"{""agg"": ""count_distinct"", ""target"": 10, ""action_code"": ""RIDE_KM"", ""field"": ""location"", ""filters"": {""geo"": {""type"": ""poi_category"", ""values"": [""cafe""]}}, ""window"": {""type"": ""season"", ""label"": ""DRY_SEASON"", ""raw"": ""Dry""}}"
S-XMAS-01,Seasonal,Riding,RIDING,크리스마스 라이딩,12/24-25 라이딩,Xmas,2500,Easy,count_event,RIDE_KM,,1,"{""date"": {""from"": ""12-24"", ""to"": ""12-25"", ""label"": ""XMAS""}}",season,XMAS,,,"{""agg"": ""count_event"", ""target"": 1, ""action_code"": ""RIDE_KM"", ""filters"": {""date"": {""from"": ""12-24"", ""to"": ""12-25"", ""label"": ""XMAS""}}, ""window"": {""type"": ""season"", ""label"": ""XMAS"", ""raw"": ""Xmas""}}"
S-XMAS-02,Seasonal,Community,COMMUNITY,일루미네이션 사진,조명 사진 5장,Xmas,1800,Easy,count_event,PHOTO_UPLOAD,,5,,season,XMAS,,,"{""agg"": ""count_event"", ""target"": 5, ""action_code"": ""PHOTO_UPLOAD"", ""window"": {""type"": ""season"", ""label"": ""XMAS"", ""raw"": ""Xmas""}}"
S-XMAS-03,Seasonal,Riding,RIDING,송년 라이딩,12/31 라이딩,Xmas,2000,Easy,count_event,RIDE_KM,,1,"{""date"": {""date"": ""12-31"", ""label"": ""NYE""}}",season,XMAS,,,"{""agg"": ""count_event"", ""target"": 1, ""action_code"": ""RIDE_KM"", ""filters"": {""date"": {""date"": ""12-31"", ""label"": ""NYE""}}, ""window"": {""type"": ""season"", ""label"": ""XMAS"", ""raw"": ""Xmas""}}"
S-XMAS-04,Seasonal,Mixed,MIXED,연말 풀패스,12월 미션 8개+,Xmas,6000,Hard,count_mission_complete,,,8,,season,XMAS,,,"{""agg"": ""count_mission_complete"", ""target"": 8, ""window"": {""type"": ""season"", ""label"": ""XMAS"", ""raw"": ""Xmas""}}"
S-XMAS-05,Seasonal,Riding,RIDING,새해 카운트다운,12/31 23시 라이딩,Xmas,3000,Medium,count_event,RIDE_KM,,1,"{""date"": {""date"": ""12-31"", ""label"": ""NYE""}}",season,XMAS,,,"{""agg"": ""count_event"", ""target"": 1, ""action_code"": ""RIDE_KM"", ""filters"": {""date"": {""date"": ""12-31"", ""label"": ""NYE""}}, ""window"": {""type"": ""season"", ""label"": ""XMAS"", ""raw"": ""Xmas""}}"
A-MX-01,Anniversary,Mixed,MIXED,1주년 축하 라이딩,주년 당일 라이딩,출시 12개월,5000,Easy,count_event,RIDE_KM,,1,"{""date"": {""period"": ""SERVICE_ANNIVERSARY""}}",season,ANNUAL,,,"{""agg"": ""count_event"", ""target"": 1, ""action_code"": ""RIDE_KM"", ""filters"": {""date"": {""period"": ""SERVICE_ANNIVERSARY""}}, ""window"": {""type"": ""season"", ""label"": ""ANNUAL"", ""raw"": ""출시 12개월""}}"
A-MX-02,Anniversary,Mixed,MIXED,12개월 충성,가입 365일,출시 12개월,10000,Medium,sum_field,ACCOUNT_AGE,days,365,,season,ANNUAL,,,"{""agg"": ""sum_field"", ""target"": 365, ""action_code"": ""ACCOUNT_AGE"", ""field"": ""days"", ""window"": {""type"": ""season"", ""label"": ""ANNUAL"", ""raw"": ""출시 12개월""}}"
A-MX-03,Anniversary,Riding,RIDING,연간 5000km,12개월 5000km,출시 12개월,25000,Hard,sum_field,RIDE_KM,distance_km,5000,,season,ANNUAL,,,"{""agg"": ""sum_field"", ""target"": 5000, ""action_code"": ""RIDE_KM"", ""field"": ""distance_km"", ""window"": {""type"": ""season"", ""label"": ""ANNUAL"", ""raw"": ""출시 12개월""}}"
A-MX-04,Anniversary,Riding,RIDING,연간 10000km,12개월 10000km,출시 12개월,60000,Hard,sum_field,RIDE_KM,distance_km,10000,,season,ANNUAL,,,"{""agg"": ""sum_field"", ""target"": 10000, ""action_code"": ""RIDE_KM"", ""field"": ""distance_km"", ""window"": {""type"": ""season"", ""label"": ""ANNUAL"", ""raw"": ""출시 12개월""}}"
A-MX-05,Anniversary,Community,COMMUNITY,1주년 친구 초대,4주간 3명 가입,출시 12개월,8000,Hard,count_event,REFERRAL,,3,,season,ANNUAL,,,"{""agg"": ""count_event"", ""target"": 3, ""action_code"": ""REFERRAL"", ""window"": {""type"": ""season"", ""label"": ""ANNUAL"", ""raw"": ""출시 12개월""}}"
A-MX-06,Anniversary,Mixed,MIXED,풀 카테고리 마스터,12개월 5카테고리,출시 12개월,15000,Hard,count_distinct_category,,,5,,season,ANNUAL,,,"{""agg"": ""count_distinct_category"", ""target"": 5, ""window"": {""type"": ""season"", ""label"": ""ANNUAL"", ""raw"": ""출시 12개월""}}"
A-MX-07,Anniversary,Mixed,MIXED,모든 시즌 정복,8시즌 미션 1+,출시 12개월,20000,Hard,count_mission_complete,,,1,,season,ANNUAL,,,"{""agg"": ""count_mission_complete"", ""target"": 1, ""window"": {""type"": ""season"", ""label"": ""ANNUAL"", ""raw"": ""출시 12개월""}}"
A-MX-08,Anniversary,Riding,RIDING,1주년 그룹 라이딩,4주 내 그룹 3회,출시 12개월,6000,Medium,count_event,RIDE_KM,,3,,season,ANNUAL,,,"{""agg"": ""count_event"", ""target"": 3, ""action_code"": ""RIDE_KM"", ""window"": {""type"": ""season"", ""label"": ""ANNUAL"", ""raw"": ""출시 12개월""}}"
A-MX-09,Anniversary,Mixed,MIXED,1주년 풀 컴플리션,A 미션 5개+,출시 12개월,30000,Hard,count_mission_complete,,,5,,season,ANNUAL,,,"{""agg"": ""count_mission_complete"", ""target"": 5, ""window"": {""type"": ""season"", ""label"": ""ANNUAL"", ""raw"": ""출시 12개월""}}"
